S.No,Metrics,Definition,Source
1,Access to electricity,"1.This approach measures electricity access and consumption from Tier 1 (the lowest level of access) to Tier 5 (the highest level of access).  This means having a source of electricity in the household for which a family can afford electricity to power very basic appliances. It equates to approximately 22 kilowatt-hours of power per person per year. This is only enough to provide a very basic light – such as a light at night for reading – and enough to charge a mobile phone. 2. Access to electricity is the percentage of population with access to electricity. Electrification data are collected from industry, national surveys and international sources.",1. https://ourworldindata.org/definition-electricity-access  2. https://databank.worldbank.org/metadataglossary/world-development-indicators/series/EG.ELC.ACCS.ZS
2,Adjusted GDP growth,1. The growth rate of GDP adjusted to income levels (where rich countries are expected to grow less) and expressed relative to the average growth rate of high income countries. ,https://dashboards.sdgindex.org/map/indicators/adjusted-gdp-growth
3,Adolescent fertility,"1. Adolescent fertility rate is the number of births per 1,000 women ages 15-19. 2. Annual number of births to females aged 10-14 or 15-19 years per 1,000 females in the respective age group","1. https://databank.worldbank.org/metadataglossary/world-development-1. 1. indicators/series/SP.ADO.TFRT#:~:text=Adolescent%20fertility%20rate%20is%20the,1%2C000%20women%20ages%2015%2D19.&text=United%20Nations%20Population%20Division%2C%20World%20Population%20Prospects.&text=Reproductive%20health%20is%20a%20state,and%20its%20functions%20and%20processes.  2.  https://www.who.int/data/gho/indicator-metadata-registry/imr-details/4669"
4,Affordability of justice,"1. Measures the accessibility and affordability of civil courts, including whether people are aware of available remedies; can access and afford legal advice and representation; and can access the court system without incurring unreasonable fees, encountering unreasonable procedural hurdles, or experiencing physical or linguistic barriers.",1. https://dashboards.sdgindex.org/map/indicators/access-to-and-affordability-of-justice
5,Agriculture value added per worker,"1. Agricultural value added per worker is calculated by dividing the amount of economic value generated
from farming, forestry and fishing by the number of people that work in these sectors. 2.Agriculture value added per worker is a measure of agricultural productivity. It is calculated by dividing the amount of economic value generated from farming, forestry, and fishing (the ""value added"" in agriculture) by the number of people employed in the agricultural sector",1. https://ourworldindata.org/grapher/agriculture-value-added-per-worker-wdi 2.https://ourworldindata.org/grapher/agriculture-value-added-per-worker-wdi
6,Air,,
7,Air condition score,,
8,Air pollution index,,
9,Air quality and climate change,,
10,Air travel,,
11,Ambient ozone pollution,"1.Exposure to ambient ozone pollution is defined as the population-weighted highest seasonal (6-month)
average of 8-hour daily maximum ozone concentrations. This measurement is reported in parts per
billion (ppb).",1. https://www.healthdata.org/sites/default/files/methods_appendices/2021/wozniak_ozone_writeup_GBD2020_040422_RS_updated030624.pdf
12,Ambient particulate matter pollution,"1. Ambient particulate matter pollution is the population-weighted annual average mass concentration of particles with an
aerodynamic diameter less than 2·5 µm in a cubic metre of air. The TMREL is a uniform distribution between 2·4 and 5·9 µg/m3
.",https://www.thelancet.com/pb-assets/Lancet/gbd/summaries/risks/ambient-particulate-matter-pollution.pdf
13,Aminoglycosides-resistance for Klebsiella pneumoniae and Acinetobacter baumannii,Aminoglycoside resistance in Klebsiella pneumoniae and Acinetobacter baumannii refers to the ability of these bacterial pathogens to withstand the antimicrobial effects of aminoglycoside antibiotics. ,"Ahmed, O. B., Asghar, A. H., Bamaga, M., Bahwerth, F. S., & Ibrahim, M. E. (2023). Characterization of aminoglycoside resistance genes in multidrug-resistant Klebsiella pneumoniae collected from tertiary hospitals during the COVID-19 pandemic. PloS one, 18(7), e0289359. https://doi.org/10.1371/journal.pone.0289359"
14,AMR laboratory network and coordination capacity,,
15,Amr surveillance system,"AMR surveillance tracks changes in microbial populations, permits the early detection of resistant strains of public health importance, and supports the prompt notification and investigation of outbreaks.","https://amr.tghn.org/resources/surveillance/ ;  https://www.fao.org/antimicrobial-resistance/key-sectors/surveillance-and-monitoring/en/#:~:text=Antimicrobial%20resistance%20(AMR)%20surveillance%20and,as%20genes%20and%20resistance%20mechanisms."
16,Animal biodiversity,,
17,Animal epidemic disease,,
18,Animal nutritional status,,
19,Animal welfare,"1. Animal welfare is a complex and multi-faceted subject with scientific, ethical, economic, cultural, social, religious and political dimensions. It is attracting growing interest from civil society and is one of the priorities of the World Organisation for Animal Health (WOAH).",https://www.woah.org/en/what-we-do/animal-health-and-welfare/animal-welfare/
20,Annual working hours,1. Average annual hours worked is defined as the total number of hours actually worked per year divided by the average number of people in employment per year. ,https://data.oecd.org/emp/hours-worked.htm
21,Antimicrobial consumption both in human and animals,,
22,Antimicrobial control and optimization,,
23,Antimicrobial resistance rate for important antibiotics,,
24,"Antimicrobial resistance status in human, animal and food",,
25,Arable land area,"1. Arable and permanent crop land is the total of “arable land”and “land under permanent crops”. Arable land is the land under  temporary crops, temporary meadows for mowing or pasture, land under market and kitchen gardens and land temporarily fallow (for less than five years); and land under permanent crops is the land cultivated with crops that occupy the land for long periods and need not be replanted after each harvest. 2. Arable land includes land defined by the FAO as land under temporary crops (double-cropped areas are counted once), temporary meadows for mowing or for pasture, land under market or kitchen gardens, and land temporarily fallow. Land abandoned as a result of shifting cultivation is excluded.",1.https://www.un.org/esa/sustdev/natlinfo/indicators/methodology_sheets/land/arable_cropland_area.pdf  2. https://databank.worldbank.org/metadataglossary/world-development-indicators/series/AG.LND.ARBL.ZS
26,Area at risk elevation,,
27,Biodiversity habitat,"1. The Biodiversity Habitat Index uses biologically-scaled environmental mapping and modelling to estimate impacts of habitat loss, degradation and fragmentation on retention of terrestrial biodiversity globally, from remotely-sensed forest change and land-cover change datasets.",1. https://geobon.org/ebvs/indicators/biodiversity-habitat-index/
28,Capacity building,"1. Capacity-building is defined as the process of developing and strengthening the skills, instincts, abilities, processes and resources that organizations and communities need to survive, adapt, and thrive in a fast-changing world. 2. Capacity building, it strengthens a nonprofit’s ability to deliver on its mission over time, thereby enhancing the nonprofit’s ability to have a positive impact on lives and communities.",1. https://www.un.org/en/academic-impact/capacity-building 2.https://www.councilofnonprofits.org/running-nonprofit/governance-leadership/what-capacity-building
29,"Carbapenems-resistance for multi-species, e.g., Klebsiella pneumoniae, Acinetobacter baumannii, Escherichia coli, Pseudomonas aeruginosa",,
30,Cardiovascular disease,Cardiovascular diseases (CVDs) are a group of disorders of the heart and blood vessels,https://www.who.int/news-room/fact-sheets/detail/cardiovascular-diseases-(cvds)
31,Cattle milk production efficiency,,
32,Cattle production efficiency,,
33,Chicken meat production efficiency,,
34,Child and infant mortality,"Infant mortality is the probability of a child born in a specific year or period dying before reaching the age of one, if subject to age-specific mortality rates of that period.                                                                                                                                                                             Child mortality is the probability of dying between exact ages one and five                                                                                                                                                                                                        ",
35,Child health,"Child health is a state of physical, mental, intellectual, social and emotional well-being and not merely the absence of disease or infirmity. Healthy children live in families, environments, and communities that provide them with the opportunity to reach their fullest developmental potential.","http://www.azftf.gov/WhoWeAre/Board/Documents/Program%20Committee/Health/January%2013,%202011%20Meeting%20-%20Health/07%20Child%20Health%20Definition%20Recommendation.pdf"
36,Chronic respiratory disease,"Chronic respiratory diseases are diseases of the airways and other structures of the lung. Some of the most common are asthma, chronic obstructive pulmonary disease (COPD), occupational lung diseases and pulmonary hypertension. ",https://www.who.int/westernpacific/health-topics/chronic-respiratory-diseases
37,Clean drinking water,"""Safely managed drinking water"" is defined as an ""Improved source located on premises, available when needed, and free from microbiological and priority chemical contamination.""",https://ourworldindata.org/clean-water
38,Climate change risks,"Climate risk is the potential for climate change to create adverse consequences for human or ecological systems. This includes impacts on lives, livelihoods, health and wellbeing, economic, social and cultural assets and investments, infrastructure, services provision, ecosystems and species.",https://cervest.earth/news/what-is-climate-risk-and-what-does-it-mean-for-your-organization
39,Climate intervention strategy,"Climate Intervention—purposeful actions intended to produce a targeted change in some aspect of the climate (e.g., global mean or regional temperature); includes actions designed to remove carbon dioxide or other greenhouse gases from the atmosphere or to change Earth’s radiation balance (referred to as “albedo modification”), but not efforts to limit emissions of greenhouse gases (i.e., climate mitigation).
","https://nap.nationalacademies.org/read/18805/chapter/2#:~:text=Climate%20Intervention%E2%80%94purposeful%20actions%20intended,balance%20(referred%20to%20as%20%E2%80%9Calbedo"
40,Climate knowledge system,,
41,Climate policy,,
42,Climate risk,"Climate risk is the potential for climate change to create adverse consequences for human or ecological systems. This includes impacts on lives, livelihoods, health and wellbeing, economic, social and cultural assets and investments, infrastructure, services provision, ecosystems and species.",https://cervest.earth/news/what-is-climate-risk-and-what-does-it-mean-for-your-organization
43,Co₂ emissions,"Carbon dioxide emissions are those stemming from the burning of fossil fuels and the manufacture of cement. They include carbon dioxide produced during consumption of solid, liquid, and gas fuels and gas flaring.",https://databank.worldbank.org/metadataglossary/world-development-indicators/series/EN.ATM.CO2E.PC
44,Consensus oriented,Consensus-orientation for good governance requires the mediation of the different interests in society to reach a broad consensus on what is in the best interest of the whole community and how this can be achieved,https://www.globalhealthlearning.org/taxonomy/term/2680
45,Consumption and production,,
46,Control of corruption,"1. Control of Corruption means that the public power or bureaucratic regulation exercised for private gain from which it creates corruption in the country and which may hinder for the foreign investors. 2. Control of corruption captures perceptions of the extent to which public power is exercised for private gain, including both petty and grand forms of corruption, as well as ""capture"" of the state by elites and private interests. ",1. https://www.igi-global.com/dictionary/control-of-corruption/63790#google_vignette 2. https://www.worldbank.org/content/dam/sites/govindicators/doc/cc.pdf
47,Controlled solid waste,Controlled solid waste refers to the percentage of household and commercial waste generated in a country that is collected and treated in a manner that controls environmental risks. ,"https://epi.yale.edu/epi-results/2020/component/msw#:~:text=Controlled%20solid%20waste%20refers%20to,manner%20that%20controls%20environmental%20risks."
48,Corruption perception index,Corruption Perceptions Index (CPI) refers to an index that scores countries on the perceived levels of government corruption by country. ,https://www.investopedia.com/terms/c/corruption-perception-index.asp
49,Country area,,
50,COVID-19,Coronavirus disease (COVID-19) is an infectious disease caused by the SARS-CoV-2 virus.,https://www.who.int/health-topics/coronavirus
51,COVID-19 confirmed cases,"A person with laboratory confirmation of COVID-19 infection, irrespective of clinical signs and symptoms.",https://www.mohfw.gov.in/pdf/GuidelinesfornotifyingCOVID-19affectedpersonsbyPrivateInstitutions.pdf
52,Cultivated area,"This consists of net area sown and  current
 fallows",https://aps.dac.gov.in/APY/PDF/Concepts%20&%20Definitions.pdf
53,Demography,"Demography is the science of populations. Demographers seek to understand population dynamics by investigating three main demographic processes: birth, migration, and aging (including death). ",https://www.demogr.mpg.de/en/about_us_6113/what_is_demography_6674/
54,Detection,,
55,Diabetes mellitus,"1. Diabetes is a condition that happens when your blood sugar (glucose) is too high. It develops when your pancreas doesn’t make enough insulin or any at all, or when your body isn’t responding to the effects of insulin properly. 2. Diabetes is a chronic, metabolic disease characterized by elevated levels of blood glucose (or blood sugar), which leads over time to serious damage to the heart, blood vessels, eyes, kidneys and nerves. ",1. https://my.clevelandclinic.org/health/diseases/7104-diabetes 2.https://www.who.int/health-topics/diabetes#tab=tab_1
56,Directly health outcome indicators,,
57,Disaster economic loss,Direct economic loss: the monetary value of total or partial destruction of physical assets existing in the affected area. Direct economic loss is nearly equivalent to physical damage.,"https://www.undrr.org/terminology/economic-loss#:~:text=Total%20economic%20impact%20that%20consists,nearly%20equivalent%20to%20physical%20damage."
58,Disasters affected population," This is defined as the sum of the injured, affected and those left homeless
after a disaster.",https://ourworldindata.org/grapher/total-affected-by-natural-disasters
59,Disasters death rate,The estimated number of deaths due to natural disasters per 100 000 population averaged over the period.,"https://www.who.int/data/gho/indicator-metadata-registry/imr-details/4665#:~:text=Definition%3A,population%20averaged%20over%20the%20period."
60,Discarded fish,"Fish and other marine life brought on board a fishing vessel and thrown back into the sea.; To release or return fish to the sea, whether or not such fish are brought fully on board a fishing vessel.; The part of the catch that is not retained on board and is returned at sea, dead or alive. It may include target species or any other species (both commercial and non-commercial) discarded at sea.",https://www.unescwa.org/sd-glossary/discarded-fish-discards
61,Diseases of domestic animal,,
62,Diseases of wild animal,,
63,Domestic health expenditure,Share of current health expenditure funded from private domestic sources ; Share of current health expenditure funded from general government domestic sources (government domestic revenues and social health insurance contributions),"https://www.who.int/data/gho/indicator-metadata-registry/imr-details/4954#:~:text=Definition%3A,Method%20of%20measurement  ;  https://www.who.int/data/gho/indicator-metadata-registry/imr-details/4953"
64,Economic performance index,1. An Intuitive Indicator for Assessing a Country's Economic Performance Dynamics in an Historical Perspective. 2.An economic performance index is a quantitative measure that evaluates and compares the overall economic performance of a country or organization. It is typically used to assess how well an economy is functioning and achieving its policy objectives.,"1. https://ideas.repec.org/p/imf/imfwpa/2013-214.html#:~:text=The%20Economic%20Performance%20Index%20(EPI,Dynamics%20in%20an%20Historical%20Perspective 2.www.fao.org"
65,Education,,
66,Education enrollment,"Total enrolment in a specific level of education, regardless of age, expressed as a percentage of the
eligible official school-age population corresponding to the same level of education in a given school year",https://uis.unesco.org/sites/default/files/documents/education-indicators-technical-guidelines-en_0.pdf
67,Effectiveness and efficiency,"Efficiency is defined as the ability to accomplish something with the least amount of wasted time, money, and effort or competency in performance. Effectiveness is defined as the degree to which something is successful in producing a desired result","https://www.facilitiesnet.com/maintenanceoperations/article/Efficiency-and-Effectiveness-Know-the-Difference--17835#:~:text=Efficiency%20and%20effectiveness%20are%20not,producing%20a%20desired%20result%3B%20success."
68,Electricity consumption,"Electric power consumption measures the production of power plants and combined heat and power plants less transmission, distribution, and transformation losses and own use by heat and power plants.",https://databank.worldbank.org/metadataglossary/world-development-indicators/series/EG.USE.ELEC.KH
69,Electronic waste,"Electrical and electronic waste, or E-waste, refers to electrical or electronic equipment that is waste, including all components, subassemblies and consumables that are part of the equipment at the time the equipment becomes waste. ",https://www.undrr.org/understanding-disaster-risk/terminology/hips/tl0041
70,Emergency response operation,,
71,Endemic amphibian species,,
72,Endemic bird species,,
73,Endemic freshwater crab species,,
74,Endemic mammal species,,
75,Endemic reef-forming coral species,,
76,Endemic shark and ray species,,
77,Energy consumption,"Energy consumption is the total amount of energy required for a given process and is measured in kilowatt hours (kWh). This includes the use of electricity, gas, diesel, oil, and biomass.",https://www.repsol.com/en/energy-and-the-future/future-of-the-world/energy-consumption/index.cshtml
78,"Energy use indicators, e.g. oil, natural gas, electricity, coal",,
79,Environmental biodiversity,"Biodiversity is all the different kinds of life you’ll find in one area—the variety of animals, plants, fungi, and even microorganisms like bacteria that make up our natural world. Each of these species and organisms work together in ecosystems, like an intricate web, to maintain balance and support life. Biodiversity supports everything in nature that we need to survive: food, clean water, medicine, and shelter.","https://www.worldwildlife.org/pages/what-is-biodiversity#:~:text=Biodiversity%20is%20all%20the%20different,maintain%20balance%20and%20support%20life."
80,Environmental surveillance system,"An integrated environmental health surveillance system is the systematic, ongoing collection and analysis of information related to disease and environment, and its dissemination to individuals and institutions.",https://dta.cnr.it/wp-content/uploads/2019/12/PIAS-C5.pdf
81,Equity and inclusiveness,,
82,Exercising response plans,,
83,Expenditure on research,"Gross domestic expenditures on research and development (R&D), expressed as a percent of GDP. They include both capital and current expenditures in the four main sectors: Business enterprise, Government, Higher education and Private non-profit. R&D covers basic research, applied research, and experimental development.",https://data.worldbank.org/indicator/GB.XPD.RSDV.GD.ZS
84,"Extreme weather indicators, e.g. wildfires, droughts, floods, extreme temperatures","Droughts, floods and extreme temperatures is the annual average percentage of the population that is affected by natural disasters classified as either droughts, floods, or extreme temperature events. A drought is an extended period of time characterized by a deficiency in a region's water supply that is the result of constantly below average precipitation. A drought can lead to losses to agriculture, affect inland navigation and hydropower plants, and cause a lack of drinking water and famine. A flood is a significant rise of water level in a stream, lake, reservoir or coastal region. Extreme temperature events are either cold waves or heat waves. A cold wave can be both a prolonged period of excessively cold weather and the sudden invasion of very cold air over a large area. Along with frost it can cause damage to agriculture, infrastructure, and property. A heat wave is a prolonged period of excessively hot and sometimes also humid weather relative to normal climate patterns of a certain region. Population affected is the number of people injured, left homeless or requiring immediate assistance during a period of emergency resulting from a natural disaster; it can also include displaced or evacuated people. Average percentage of population affected is calculated by dividing the sum of total affected for the period stated by the sum of the annual population figures for the period stated.",https://databank.worldbank.org/metadataglossary/world-development-indicators/series/EN.CLC.MDAT.ZS
85,Famine warning,"A famine is defined as the most severe kind of hunger crisis. It is very rare, but when it does occur, it means that there is an extreme shortage of food and several children and adults within a certain area are dying of hunger on a daily basis.",https://www.actionagainsthunger.org/the-hunger-crisis/world-hunger-facts/what-is-famine/
86,Female graduates,,
87,Fertilizer consumption,"Fertilizer consumption measures the quantity of plant nutrients used per unit of arable land. Fertilizer products cover nitrogenous, potash, and phosphate fertilizers (including ground rock phosphate).","https://databank.worldbank.org/metadataglossary/world-development-indicators/series/AG.CON.FERT.PT.ZS#:~:text=Long%20definition,manures%2D%2Dare%20not%20included."
88,Finance,"Finance is defined as the management of money and includes activities such as investing, borrowing, lending, budgeting, saving, and forecasting. ",https://corporatefinanceinstitute.com/resources/wealth-management/what-is-finance-definition/
89,Food balance,,
90,Food demand and supply,"To assess the availability, access, and stability for food production and demand","Gu, S. Y., Chen, F. M., Zhang, C. S., Zhou, Y. B., Li, T. Y., Qiang, N., Zhang, X. X., Liu, J. S., Wang, S. X., Yang, X. C., Guo, X. K., Hu, Q. Q., Deng, X. B., & Han, L. F. (2023). Assessing food security performance from the One Health concept: an evaluation tool based on the Global One Health Index. Infectious diseases of poverty, 12(1), 88. https://doi.org/10.1186/s40249-023-01135-7"
91,Food demand score (SECURITY),The food demand score is a measure used to assess the demand for food within a given population or region. ,https://www.fao.org/3/cc3017en/online/state-food-security-and-nutrition-2023/supply-demand-rural-urban-continuum.html
92,Food import score,The food import score is a measure of a country's reliance on food imports and its vulnerability to global food price shocks,https://fics.fssai.gov.in/
93,Food loss and waste,"It refers to the decrease in quantity or quality of food that was originally intended for human consumption, occurring at different stages of the food supply chain (FAO)",www.fao.org
94,Food price indicators,"Food price indicators refer to various metrics and measures used to track and analyze the prices of food commodities and food products at the global, national, and local levels.",www.fao.org
95,Food production score,"The Food Production Score is a measure that assesses a country's or region's ability to produce food, encompassing various aspects of food production, including crop yields, livestock production, and fisheries. It is often used as an indicator of food security, as a higher food production score typically indicates a greater capacity to meet the food needs of a population",`1. https://www.elibrary.imf.org. 2. www.fao.org
96,Food quality control,"Quality control is the inspection, analysis, and other relevant actions taken to provide control over what is being done, manufactured, or fabricated, so that a desirable level of quality is achieved and maintained.  . In the context of food quality, the implementation of monitoring quality measures ensures an acceptable level of food quality and food safety.",https://globalpact.informea.org/glossary/food-quality-control
97,Food safety,"To assess multiple components associated with keeping food safe, including agency, policy, regulation as well as the disease burden of foodborne related causes. WHO 's five steps for safer food:                                                                                                                                                                                                                                                                    Keep clean
Separate raw and cooked
Cook thoroughly
Keep food at safe temperatures
Use safe water and raw materials","1. Gu, S. Y., Chen, F. M., Zhang, C. S., Zhou, Y. B., Li, T. Y., Qiang, N., Zhang, X. X., Liu, J. S., Wang, S. X., Yang, X. C., Guo, X. K., Hu, Q. Q., Deng, X. B., & Han, L. F. (2023). Assessing food security performance from the One Health concept: an evaluation tool based on the Global One Health Index. Infectious diseases of poverty, 12(1), 88. https://doi.org/10.1186/s40249-023-01135-8          "
98,Food safety governance,"The governance of food safety involves a concern with rules, standards and regulations set by the state that control and influence aspects of food safety conduct and practices",www.fao.org
99,Food safety score,A food safety score is a numerical or letter grade assigned to a food establishment based on an inspection of its food safety practices and compliance with regulations. The score reflects the establishment's overall food safety performance and is intended to help consumers make informed choices.  ,https://fssai.gov.in/
100,Foodborne illness burden,The burden of foodborne illness refers to the impact and consequences of diseases caused by consuming contaminated food.,https://www.who.int/activities/estimating-the-burden-of-foodborne-diseases ; https://www.cdc.gov/foodborneburden/2011-foodborne-estimates.html
101,Forest," Forest is defined as land spanning more than 0.5 hectares with trees higher than
5 meters and a canopy cover of more than 10 percent, or trees able to reach these thresholds in situ. It
does not include land that is predominantly under agricultural or urban land use.",https://unstats.un.org/sdgs/metadata/files/Metadata-15-01-01.pdf
102,Forest area,"The term 'Forest Area' (or recorded forest area)
generally refers to all the geographic areas recorded as forest
in government records.",https://fsi.nic.in/sfr2005/chapter3.pdf
103,Forest transition phase,"Forest transition (FT) is a process in which in a given territory and over a period of time the area of forest cover declines until it reaches a lowest point, after which the forest area gradually recovers.",https://www.sciencedirect.com/science/article/abs/pii/S1389934115300629
104,Freshwater,Freshwater is defined as having a low salt concentration — usually less than 1%. ,https://ucmp.berkeley.edu/exhibits/biomes/freshwater.php
105,GDP,Gross domestic product (GDP) is the total monetary or market value of all the finished goods and services produced within a country’s borders in a specific time period. ,https://www.investopedia.com/terms/g/gdp.asp
106,GDP deflator,The gross domestic product (GDP) price deflator is a formula that measures the amount that the real value of an economy's total output is reduced by inflation.,https://www.investopedia.com/terms/g/gdppricedeflator.asp
107,Gender inequality index,"Gender inequality index is a composite metric of gender inequality using three dimensions: reproductive health, empowerment and the labour market. A low GII value indicates low inequality between women and men, and vice-versa.",https://hdr.undp.org/data-center/thematic-composite-indices/gender-inequality-index#/indicies/GII
108,General rule of law,"The rule of law is a durable system of laws, institutions, norms, and community commitment that delivers four universal principles: accountability, just law, open government, and accessible and impartial justice.",https://worldjusticeproject.org/about-us/overview/what-rule-law
109,Gini coefficient,"The Gini coefficient is a measure of the overall extent to which these groupings of households, from the bottom of the income distribution upwards, receive less than an equal share of income.",https://www.ons.gov.uk/peoplepopulationandcommunity/birthsdeathsandmarriages/families/methodologies/theginicoefficient
110,Global connectivity,"Global connectivity, in its essence, is the interconnected web that links people, devices, systems, and organizations across the globe. It's the driving force behind our ability to communicate and exchange information, transcending geographical limits.","https://www.autopi.io/glossary/global-connectivity/#:~:text=Global%20connectivity%2C%20in%20its%20essence,exchange%20information%2C%20transcending%20geographical%20limits."
111,Governance,"Governance is defined as “the exercise of economic, political and administrative authority to manage a country’s affairs at all levels. It comprises the mechanisms, processes and institutions through which citizens and groups articulate their interests, exercise their legal rights, meet their obligations and mediate their differences”.",https://www.parlicentre.org/about-us/area-expertise/governance
112,Government effectiveness,"Government Effectiveness captures perceptions of the quality of public services, the quality of the civil service and the degree of its independence from political pressures, the quality of policy formulation and implementation, and the credibility of the government's commitment to such policies. Estimate gives the country's score on the aggregate indicator, in units of a standard normal distribution, i.e. ranging from approximately -2.5 to 2.5.",https://databank.worldbank.org/metadataglossary/worldwide-governance-indicators/series/GE.EST
113,Government response,"The Government Response sets out the views of stakeholders in response to the previously proposed policy positions, and an explanation of the final policy decisions taken.",https://www.lawinsider.com/dictionary/government-response
114,Government spending,"Government spending refers to money spent by the public sector on the acquisition of goods and provision of services such as education, healthcare, social protection, and defense.",https://corporatefinanceinstitute.com/resources/economics/government-spending/
115,Government support and response,The involvement and initiative of government entities in capacity building for strengthening the resilience of the food system,"Gu, S. Y., Chen, F. M., Zhang, C. S., Zhou, Y. B., Li, T. Y., Qiang, N., Zhang, X. X., Liu, J. S., Wang, S. X., Yang, X. C., Guo, X. K., Hu, Q. Q., Deng, X. B., & Han, L. F. (2023). Assessing food security performance from the One Health concept: an evaluation tool based on the Global One Health Index. Infectious diseases of poverty, 12(1), 88. https://doi.org/10.1186/s40249-023-01135-11"
116,Grants and other revenues,"Grants and other revenue include grants from other foreign governments, international organizations, and other government units; interest; dividends; rent; requited, nonrepayable receipts for public purposes (such as fines, administrative fees, and entrepreneurial income from government owner­ship of property)","https://databank.worldbank.org/metadataglossary/world-development-indicators/series/GC.REV.GOTR.CN#:~:text=Grants%20and%20other%20revenue%20include,ownership%20of%20property)%3B%20and"
117,Grassland loss,"Grassland loss as a proportion: the average annual loss in grassland area over the past five years, divided by the total extent of grassland area in the year 1992. This metric only looks at gross losses, not net. A score of 100 indicates virtually no grassland loss, and a score of 0 indicates the worst levels of loss.",https://epi.yale.edu/epi-results/2020/component/grl
118,Greenhouse gas,"Greenhouse gas, any gas that has the property of absorbing infrared radiation (net heat energy) emitted from Earth's surface and reradiating it back to Earth's surface, thus contributing to the greenhouse effect.",https://www.britannica.com/science/greenhouse-gas
119,Greenhouse gas emissions score,This score measures the impact on climate change based on the amount of greenhouse gases emitted by a vehicle.,"https://www.fueleconomy.gov/feg/emissions/ghgemissions.htm#:~:text=This%20score%20measures%20your%20impact,gases%20emitted%20by%20a%20vehicle."
120,Hazardous chemicals,"1. Hazardous chemicals are substances that can cause adverse health effects such as poisoning, breathing problems, skin rashes, allergic reactions, allergic sensitisation, cancer, and other health problems from exposure. 2. A hazardous chemical is a substance or mixture that may pose harm to human health, facilities/property, and the environment.",1. https://www.business.qld.gov.au/running-business/whs/hazardous-chemicals/types  2. https://www.ucl.ac.uk/safety-services/policies/2022/may/what-are-hazardous-chemicals
121,Health coverage,"1. Legal entitlement to payment or reimbursement for your health care costs, generally under a contract with a health insurance company, a group health plan offered in connection with employment, or a government program like Medicare, Medicaid, or the Children’s Health Insurance Program (CHIP). 2. Health insurance is a financial tool that provides financial coverage for medical expenses. A health insurance policy is a contract between the insurance company and an individual. The individual pays a premium to the insurer and the insurer offers financial protection against healthcare expenses to the individual in return.",1. https://www.healthcare.gov/glossary/health-coverage/ 2. https://www.iciciprulife.com/health-insurance/what-is-health-insurance.html
122,Health outcome,"Health outcomes are defined as those events occurring as a result of an intervention. These may be measured clinically (physical examination, laboratory testing, imaging), self-reported, or observed (such as gait or movement fluctuations seen by a healthcare provider or caregiver).","https://www.sciencedirect.com/topics/medicine-and-dentistry/health-outcomes#:~:text=Health%20outcomes%20are%20defined%20as,a%20healthcare%20provider%20or%20caregiver)."
123,Health risk,"Health risks relate to non-medical determinants of health. Risk factors are any attribute, characteristic or exposure of an individual that increases the likelihood of developing a disease or incurring an injury. Some examples of more important risk factors are tobacco and alcohol consumption, and being overweight or obese.

",https://www.oecd-ilibrary.org/social-issues-migration-health/health-risks/indicator-group/english_1c4df204-en
124,Higher education,Higher education is third level education after you leave school. It takes places at universities and Further Education colleges and normally includes undergraduate and postgraduate study. Higher education gives you the chance to study a subject you are interested in and can boost your career prospects and earning potential.,https://www.nidirect.gov.uk/articles/what-higher-education
125,HIV,"HIV (human immunodeficiency virus) is a virus that attacks cells that help the body fight infection, making a person more vulnerable to other infections and diseases. ",https://www.hiv.gov/hiv-basics/overview/about-hiv-and-aids/what-are-hiv-and-aids
126,Homicide,"Homicide is the killing of a person by another with intent to cause death or serious injury, by any means. It excludes death due to legal intervention and operations of war.",https://apps.who.int/violence-info/homicide/
127,Household air pollution,"Household air pollution is caused largely by the burning of polluting fuels such as wood, animal dung, charcoal, agricultural waste, and kerosene in open fires or inefficient stoves in and around the household. ",https://www.who.int/teams/environment-climate-change-and-health/air-quality-energy-and-health/sectoral-interventions/household-air-pollution/health-risks
128,Household solid fuels,"Solid fuels refer to both biomass fuels and coal. The most common fuel used for cooking and heating is wood, followed by other solid biomass fuels, such as charcoal, dung, agricultural residues and sometimes even leaves and grass.",file:///C:/Users/HP/Downloads/mono95-6.pdf
129,Housing,,
130,Human DALYs of echinococcosis,"Human echinococcosis is a zoonotic disease (a disease that is transmitted to humans from animals) that is caused by parasites, namely tapeworms of the genus Echinococcus. One DALY (disability-adjusted life year) can be thought of as one lost year of “healthy” life.The sum of these DALYs across the population, or the burden of disease, can be thought of as a measurement of the gap between current health status and an ideal health situation where the entire population lives to an advanced age free of disease and disability.",https://www.who.int/news-room/fact-sheets/detail/echinococcosis
131,Human DALYs of leishmaniasis,Leishmaniasis is caused by a protozoa parasite from over 20 Leishmania species. Over 90 sandfly species are known to transmit Leishmania parasites.,https://www.who.int/news-room/fact-sheets/detail/leishmaniasis
132,Human DALYs of rabies,"Rabies is a vaccine-preventable, zoonotic, viral disease affecting the central nervous system. In up to 99% of the human rabies cases, dogs are responsible for virus transmission. Children between the age of 5 and 14 years are frequent victims.",https://www.who.int/news-room/fact-sheets/detail/rabies
133,Human DALYs of tuberculosis,"Tuberculosis (TB) is an infectious disease that most often affects the lungs and is caused by a type of bacteria. It spreads through the air when infected people cough, sneeze or spit.

Tuberculosis is preventable and curable.",https://www.who.int/news-room/fact-sheets/detail/tuberculosis
134,Human development index,"It is the most well-known index of human development. It is based on the idea that human development means that people have long and healthy lives, are knowledgeable, and have a decent standard of living.",https://ourworldindata.org/human-development-index
135,Improve awareness and understanding,,
136,Indirectly health outcome indicators,,
137,Inequalities,,
138,Infants’ vaccination,"Vaccines are products that are usually given in childhood to protect against serious, often deadly diseases. By stimulating your body’s natural defenses, they prepare your body to fight the disease faster and more effectively.","https://www.unicef.org/parenting/health/parents-frequently-asked-questions-vaccines#:~:text=Vaccines%20are%20products%20that%20are,disease%20faster%20and%20more%20effectively."
139,Infectious diseases,"An infectious disease can be defined as an illness due to a pathogen or its toxic product, which arises through transmission from an infected person, an infected animal, or a contaminated inanimate object to a susceptible host.","https://www.ncbi.nlm.nih.gov/pmc/articles/PMC7150340/#:~:text=An%20infectious%20disease%20can%20be,object%20to%20a%20susceptible%20host."
140,Infrastructures score,"The infrastructure score within the One Health concept of food security evaluates a country's capacity to produce, store, and distribute safe food. It considers three key aspects:

Logistic Performance: This assesses the efficiency of a country's transportation system to move food from farms to markets and consumers. This includes factors like road quality, storage facilities at transportation hubs, and refrigeration capacity during transport.

Net Capital Stocks: This evaluates the health and adequacy of a country's physical infrastructure related to food production and storage. This includes irrigation systems, storage silos, food processing plants, and veterinary clinics.

Percentage of Arable Land Equipped for Irrigation: This indicator specifically looks at a country's ability to manage water resources and ensure a consistent water supply for agriculture.  This is particularly important in regions with limited rainfall or unpredictable weather patterns.","Gu, S. Y., Chen, F. M., Zhang, C. S., Zhou, Y. B., Li, T. Y., Qiang, N., Zhang, X. X., Liu, J. S., Wang, S. X., Yang, X. C., Guo, X. K., Hu, Q. Q., Deng, X. B., & Han, L. F. (2023). Assessing food security performance from the One Health concept: an evaluation tool based on the Global One Health Index. Infectious diseases of poverty, 12(1), 88. https://doi.org/10.1186/s40249-023-01135-7"
141,Inhabitants below 5 meters above sea level,,
142,Injuries and violence,"Injuries result from road traffic crashes, falls, drowning, burns, poisoning and acts of violence against oneself or others, among other causes. Violence is the intentional use of physical force or power, threatened or actual, against oneself, another person, or against a group or community, that either results in or has a high likelihood of resulting in injury, death, psychological harm, maldevelopment or deprivation. ","1.https://link.springer.com/chapter/10.1057/9781403981561_4#:~:text=One%20general%20definition%20of%20violence,(WHO%202002%2C%205). 2. https://www.who.int/news-room/fact-sheets/detail/injuries-and-violence"
143,Internet population,"Internet users are individuals who have used the Internet (from any location) in the last 3 months. The Internet can be used via a computer, mobile phone, personal digital assistant, games machine, digital TV etc.",https://databank.worldbank.org/metadataglossary/jobs/series/IT.NET.USER.ZS
144,Interruption capacity of antimicrobial resistance transmission,,
145,Investment and financial support Score,"Investment and financial support score designed to assess a country's support for agriculture. Which focuses on the government investment in agriculture, credit availability for agricultural businesses, and research & development expenditures to arrive at an overall score.",https://www.worldbank.org/en/topic/financialsector/brief/agriculture-finance
146,Justice,,
147,Labor force participation,Labor force participation rate is the proportion of the population ages 15 and older that is economically active: all people who supply labor for the production of goods and services during a specified period. ,"https://databank.worldbank.org/metadataglossary/gender-statistics/series/SL.TLF.CACT.FE.ZS#:~:text=Labor%20force%20participation%20rate%20is,International%20Labour%20Organization."
148,Land,,
149,Land resources,"Land and land resources refer to a delineable area of the earth's terrestrial surface, encompassing all attributes of the biosphere immediately above or below its surface, including those of the near surface climate, the soil and terrain forms, the surface hydrology (including shallow lakes, rivers, marshes and swamps), the near-surface sedimentary layers and associated groundwater and geohydrological reserve, the plant and animal populations, the human settlement pattern and physical results of past and present human activity, such as terracing, water storage or drainage structures, roads, buildings, etc.",https://www.unescwa.org/sd-glossary/land-resources
150,Life expectancy,The estimated (calculated) average number of years a group of people is expected to live. Most individuals in the group will live longer or shorter than the average life expectancy.,https://www.ncbi.nlm.nih.gov/books/NBK424565/
151,Literacy,"The word literacy is defined as the ability to read, write, speak and listen in a way that lets us communicate effectively and make sense of the world.",https://literacytrust.org.uk/information/what-is-literacy/
152,Logistics performance index,The LPI is an interactive benchmarking tool created to help countries identify the challenges and opportunities they face in their performance on trade logistics and what they can do to improve their performance. ,https://lpi.worldbank.org/
153,Macrolides-resistance for Streptococcus pneumoniae,Streptococcus pneumoniae is a common commensal and an opportunistic pathogen. Suspected pneumococcal upper respiratory infections and pneumonia are often treated with macrolide antibiotics. Macrolides are bacteriostatic antibiotics and inhibit protein synthesis by binding to the 50S ribosomal subunit.,https://pubmed.ncbi.nlm.nih.gov/27709102/
154,Malaria,"Malaria is an acute febrile illness caused by Plasmodium parasites, which are spread to people through the bites of infected female Anopheles mosquitoes. It is preventable and curable.",https://www.who.int/news-room/questions-and-answers/item/malaria?gad_source=1&gclid=Cj0KCQjwpZWzBhC0ARIsACvjWRNT89UsouJWlq8jXy1uTWQlEtTzlNcOGhyFmZj_e9L8kBmlnxDuMhoaAq0pEALw_wcB
155,Maternal health,"Maternal health refers to the health of women during pregnancy, childbirth and the postnatal period. Each stage should be a positive experience, ensuring women and their babies reach their full potential for health and well-being. ",https://www.who.int/health-topics/maternal-health#tab=tab_1
156,Mineral depletion,"Mineral depletion is the ratio of the value of the stock of mineral resources to the remaining reserve lifetime (capped at 25 years). It covers tin, gold, lead, zinc, iron, copper, nickel, silver, bauxite, and phosphate. ","https://databank.worldbank.org/metadataglossary/adjusted-net-savings/series/NY.ADJ.DMIN.GN.ZS#:~:text=Mineral%20depletion%20is%20the%20ratio,Source"
157,Mobile cellular subscriptions,"Mobile cellular telephone subscriptions are subscriptions to a public mobile telephone service using cellular technology, which provide access to the public switched telephone network (PSTN) using cellular technology.","https://databank.worldbank.org/metadataglossary/millennium-development-goals/series/IT.CEL.SETS.P2#:~:text=not%20be%20met.-,Mobile%20cellular%20telephone%20subscriptions%20are%20subscriptions%20to%20a%20public%20mobile,analogue%20and%20digital%20cellular%20systems."
158,Motor vehicle ownership,"Motor Vehicle Owner means any person who owns, leases, operates, or controls a motor vehicle or fleet of motor vehicles. ","https://www.lawinsider.com/dictionary/motor-vehicle-owner#:~:text=Motor%20Vehicle%20Owner%20means%20any,18"
159,National action plan formulations,,
160,National AMR capacity,,
161,National law for antibiotic use,,
162,Natural and social circumstances, The sustainability of the natural and social environment related to food system,"Gu, S. Y., Chen, F. M., Zhang, C. S., Zhou, Y. B., Li, T. Y., Qiang, N., Zhang, X. X., Liu, J. S., Wang, S. X., Yang, X. C., Guo, X. K., Hu, Q. Q., Deng, X. B., & Han, L. F. (2023). Assessing food security performance from the One Health concept: an evaluation tool based on the Global One Health Index. Infectious diseases of poverty, 12(1), 88. https://doi.org/10.1186/s40249-023-01135-10"
163,Natural disasters,"NATURAL DISASTERS, also referred to as natural hazards are extreme, sudden events caused by environmental factors such as storms, floods, droughts, fires, and heatwaves. Natural disasters are now occurring with increasing severity, scope and impact. ",https://www.planetaryhealthalliance.org/natural-disasters
164,Natural population growth,,
165,Natural protected areas,"Protected natural areas cover ∼12.5% of the Earth's land surface and ∼1.2% of the oceans. Collectively, these areas are critical to slowing the loss of biological diversity. Natural biological communities, undisturbed by humans, are also irreplaceable objects for the scientific study of ecological processes. There are many different types of protected areas: national parks, refuges, and sanctuaries, both terrestrial and marine.",https://www.sciencedirect.com/topics/earth-and-planetary-sciences/protected-natural-area
166,Natural sources sustainability in Land and Water,"The use of land resources, including soils, water, animals and plants, for the production of goods to meet changing human needs, while simultaneously ensuring the long-term productive potential of these resources and the maintenance of their environmental functions",www.fao.org
167,Neglected tropical diseases,"Neglected tropical diseases (NTDs) are a diverse group of conditions1 caused by a variety of pathogens (including viruses, bacteria, parasites, fungi and toxins) and associated with devastating health, social and economic consequences. NTDs are mainly prevalent among impoverished communities in tropical areas, although some have a much larger geographical distribution. ",https://www.who.int/health-topics/neglected-tropical-diseases#tab=tab_1
168,Neonatal health,"A newborn infant, or neonate, is a child under 28 days of age. During these first 28 days of life, the child is at highest risk of dying. ",https://www.who.int/westernpacific/health-topics/newborn-health
169,Neoplasms,An abnormal mass of tissue that forms when cells grow and divide more than they should or do not die when they should. Neoplasms may be benign (not cancer) or malignant (cancer). ,https://www.cancer.gov/publications/dictionaries/cancer-terms/def/neoplasm
170,Nitrogen emissions,,
171,Non-communicable diseases and mental health,,
172,Non-recycled municipal solid waste,,
173,Non-recycled waste (plastic ones only),,
174,Nox growth,,
175,Nutrition,"The taking in and use of food and other nourishing material by the body. Nutrition is a 3-part process. First, food or drink is consumed. Second, the body breaks down the food or drink into nutrients. Third, the nutrients travel through the bloodstream to different parts of the body where they are used as ""fuel"" and for many other purposes. To give the body proper nutrition, a person has to eat and drink enough of the foods that contain key nutrients.",https://www.cancer.gov/publications/dictionaries/cancer-terms/def/nutrition
176,Nutrition promoting capacity,"It refers to the ability of individuals, organizations, and systems to actively support and advance nutrition-related initiatives, policies, and practices that promote good health and well-being through proper nutrition",https://www.who.int/health-topics/nutrition 
177,Nutrition score,It refers to a rating or scoring system used to evaluate the nutritional quality of food products based on their nutrient content,https://www.iarc.who.int/wp-content/uploads/2021/09/IARC_Evidence_Summary_Brief_2.pdf
178,Occupational risks,"OH risks are long-term or short-term hazard experienced in the workplace that may lead to damage, including chemical hazards, biological hazards, psychosocial hazards and physical hazards",https://osha.europa.eu/en/tools-and-resources/eu-osha-thesaurus/term/70194i
179,One Health association,,
180,One Health education,,
181,One Health forums,,
182,One Health official department,,
183,One Health specialized law & regulation,,
184,Optimization of antimicrobial use,,
185,Outcomes (case-studies),,
186,Overexploited or collapsed stocks Fish,"The percentage of a country’s total catch, within its exclusive economic zone (EEZ), that is comprised of species that are overexploited or collapsed, weighted by the quality of fish catch data.",https://dashboards.sdgindex.org/map/indicators/fish-caught-from-overexploited-or-collapsed-stocks
187,Own outright,,
188,Palma ratio,The Palma ratio is a measure of inequality that divides the share received by the richest 10% by the share of the poorest 40%. ,https://ourworldindata.org/grapher/palma-ratio-s90s40-ratio
189,Participation,The concept of participation at work refers to the involvement of employees in the management's decision making in the workplace by means other than information and consultation.,https://www.eurofound.europa.eu/en/european-industrial-relations-dictionary/participation
190,Permanent deforestation,"Permanent deforestation refers to tree cover removal for urbanization, commodity production and certain types of small-scale agriculture whereby the previous tree cover does not return.","https://dashboards.sdgindex.org/map/indicators/permanent-deforestation#:~:text=Permanent%20deforestation%20refers%20to%20tree,tree%20cover%20does%20not%20return."
191,Pig meat production efficiency,,
192,PISA score,"The Program for International Student Assessment (PISA) is an international assessment that measures 15-year-old students' reading, mathematics, and science literacy.","https://nces.ed.gov/surveys/pisa/#:~:text=The%20Program%20for%20International%20Student,%2C%20mathematics%2C%20and%20science%20literacy."
193,Political stability,,
194,Political support,  ,
195,Population coverage and cost of interventions,,
196,Poverty rate,The poverty rate is the ratio of the number of people (in a given age group) whose income falls below the poverty line; taken as half the median household income of the total population.,https://data.oecd.org/inequality/poverty-rate.htm
197,Press freedom index,"The World Press Freedom index calculated the degree of freedom available to journalists in 180 countries by pooling the responses of experts to a questionnaire devised by RSF targeted to media profesionals, lawyers and sociologists. This qualitative analysis is combined with quantitative data on abuses and acts of violence against journalists during the period evaluated. The criteria considered in the questionnaire are pluralism, media independence, media environment and self-censorship, legislative framework, transparency, and the quality of the infrastructure that supports the production of news and information.",https://www.unesco.org/en/world-media-trends/world-press-freedom-index
198,Professional training activities in multi-sectors,,
199,Property rights,,
200,Protected areas representativeness,"The Protected Areas Representativeness Index (PARI) indicator measures how well terrestrial protected areas represent the ecological diversity of a country. This metric is calculated by CSIRO using high-resolution remote sensing data and biological records of species' locations. A score of 100 indicates that a country's terrestrial protected areas nearly perfectly represent the country's ecosystem diversity, and a score of 0 indicates very low representativeness (≤5th-percentile of PARI values).",https://epi.yale.edu/epi-results/2020/component/par
201,Public education expenditure,"Public expenditure on education covers expenditure on educational institutions and expenditure outside educational institutions such as support for students’ living costs and other private expenditure outside institutions, in contrast to Indicators C1, C2 and C3, which focus only on spending on educational institutions. Public expenditure on education includes expenditure by all public entities, including the education ministry and other ministries, local and regional governments, and other public agencies.",https://www.oecd-ilibrary.org/sites/413181c4-en/index.html?itemId=/content/component/413181c4-en
202,Public health expenditure,,
203,Public social expenditure,,
204,"Quinolone-resistance for Klebsiella pneumoniae, Escherichia coli, Acinetobacter baumannii",,
205,Railway travel,,
206,Raising awareness and understanding,"Awareness-raising is a process that seeks to inform and educate people about a topic or issue with the intention of influencing their attitudes, behaviours and beliefs towards the achievement of a defined purpose or goal.","https://www.sdgaccountability.org/working-with-informal-processes/raising-awareness-through-public-outreach-campaigns/#:~:text=Awareness%2Draising%20is%20a%20process,a%20defined%20purpose%20or%20goal."
207,Regulatory quality,Regulatory quality captures perceptions of the ability of the government to formulate and implement sound policies and regulations that permit and promote private sector development.,https://www.worldbank.org/content/dam/sites/govindicators/doc/rq.pdf
208,Renewable internal freshwater resources,Renewable internal freshwater resources flows refer to internal renewable resources (internal river flows and groundwater from rainfall) in the country. Renewable internal freshwater resources per capita are calculated using the World Bank's population estimates.,"https://databank.worldbank.org/metadataglossary/millennium-development-goals/series/ER.H2O.INTR.PC#:~:text=Long%20definition,the%20World%20Bank's%20population%20estimates."
209,Renewable water resources,"Renewable water resources are rechargeable due to the hydrological cycle unless they are overexploited, comprising groundwater aquifers and surface water like rivers and lakes.","https://www.eea.europa.eu/help/glossary/eea-glossary/water-resources#:~:text=Renewable%20water%20resources%20are%20rechargeable,groundwater%20generated%20from%20endogenous%20precipitation."
210,Rent at reduced/subsidized price,,
211,"Reproductive, maternal, new-born and child health","Reproductive, Maternal, Newborn, and Child Health (RMNCH) covers the health concerns and interventions across the life course involving women before and during pregnancy; newborns, that is, the first 28 days of life; and children to their fifth birthday. ",https://www.ncbi.nlm.nih.gov/books/NBK361926/
212,Research and development Expenditure on health issues,,
213,Researchers’ population,,
214,Responsiveness,,
215,Revenue excluding grants,"Revenue is cash receipts from taxes, social contributions, and other revenues such as fines, fees, rent, and income from property or sales. Grants are also considered as revenue but are excluded here.","https://databank.worldbank.org/metadataglossary/world-development-indicators/series/GC.REV.XGRT.GD.ZS#:~:text=Revenue%20is%20cash%20receipts%20from,Source"
216,Risk communication,"Risk communication is the real-time exchange of information, advice and opinions between experts or officials and people who face a hazard or threat to their survival, health, or economic or social wellbeing. ",https://www.who.int/emergencies/risk-communications
217,Road traffic,,
218,Route of transmission,"Pathogenic agents can be spread from animal-to-animal or animal-to-human and vice
versa, through a variety of transmission routes.",https://www.cfsph.iastate.edu/Infection_Control/Routes/English/TransmissionRoutesDefinitionsMarch2005.pdf
219,Rule of law,"The rule of law is a durable system of laws, institutions, norms, and community commitment that delivers four universal principles: accountability, just law, open government, and accessible and impartial justice.",https://worldjusticeproject.org/about-us/overview/what-rule-law
220,Sanitation,,
221,Sanitation and water resources,,
222,Science performance,,
223,Share of renewable energy,,
224,So₂ emissions,SO2 emissions that lead to high concentrations of SO2 in the air generally also lead to the formation of other sulfur oxides (SOx). SOx can react with other compounds in the atmosphere to form small particles. These particles contribute to particulate matter (PM) pollution.,"https://www.epa.gov/so2-pollution/sulfur-dioxide-basics#:~:text=SO2%20emissions%20that%20lead,particulate%20matter%20(PM)%20pollution."
225,So2 growth,,
226,Solid waste,"Solid Waste Management reduces or eliminates the adverse impact on the environment & human health. A number of processes are involved in effectively managing waste for a municipality. These include monitoring, collection, transport, processing, recycling and disposal. ",https://www.indiawaterportal.org/topics/solid-waste
227,Source of infection,,
228,Species habitat,,
229,Strategy and regulation,,
230,Suicide,Suicide is defined as death caused by self-directed injurious behavior with intent to die as a result of the behavior.,https://www.nimh.nih.gov/health/statistics/suicide
231,Surveillance and response,,
232,Sustainable nitrogen management,The Sustainable Nitrogen Management Index (SNMI) is a one-dimensional ranking score that combines two efficiency measures in crop production: Nitrogen use efficiency (NUE) and land use efficiency (crop yield).,https://dashboards.sdgindex.org/map/indicators/sustainable-nitrogen-management-index
233,Targeted population,,
234,Technical promotion scores in AMR,,
235,Technology adoption,"Technology adoption describes the acceptance, integration, and use of emerging technology in healthcare service delivery. ",https://www.sciencedirect.com/topics/social-sciences/technology-adoption
236,Terrain ruggedness index,"Indicates how jagged or flat the terrain of a country is on average. Ruggedness is measured in metres
of elevation difference for grid points 30 arc-seconds (926 metres on the equator or any meridian)
apart.","https://ourworldindata.org/grapher/terrain-ruggedness-index#:~:text=Indicates%20how%20jagged%20or%20flat,a%20country%20is%20on%20average."
237,"Third-generation Β-lactams-resistance for multi-species, e.g., Staphylococcus aureus, Klebsiella pneumoniae, Escherichia coli, Pseudomonas aeruginosa",,
238,Total fertility rate,The average number of children a hypothetical cohort of women would have at the end of their reproductive period if they were subject during their whole lives to the fertility rates of a given period and if they were not subject to mortality. It is expressed as children per woman.,https://www.who.int/data/gho/indicator-metadata-registry/imr-details/123
239,Training and AI agriculture performance score,"To evaluate a country, region, or organization's efforts in improving agricultural practices through training programs and the integration of smart and digital technologies.",https://www.oecd.org/greengrowth/sustainable-agriculture
240,Transparency,Transparency is the principles and practices that enable organization insiders and outsiders to obtain accurate information about organizational activities,https://link.springer.com/referenceworkentry/10.1007/978-3-319-31816-5_2256-1
241,Transport,,
242,Trawling or dredging fish,Trawling is one of the traditional methods for collecting large samples of organisms from shallow water to the deep sea. Mainly trawl is used on a sandy or muddy bottom and is used to cover large areas.,https://www.sciencedirect.com/topics/earth-and-planetary-sciences/trawling
243,Tree cover loss,"Tree cover loss is defined as the complete removal of tree cover for any reason, including human-caused loss and natural events. Loss of tree cover may be permanent or temporary; for example, temporary tree cover loss may occur when trees are harvested for wood production and the land is subsequently replanted or allowed to naturally regenerate. ","https://research.wri.org/gfr/forest-extent-indicators/forest-loss#:~:text=Tree%20cover%20loss%20is%20defined,caused%20loss%20and%20natural%20events."
244,Tuberculosis,"Tuberculosis (TB) is an infectious disease that most often affects the lungs and is caused by a type of bacteria. It spreads through the air when infected people cough, sneeze or spit.",https://www.who.int/news-room/fact-sheets/detail/tuberculosis
245,Unemployment,"1. Unemployment refers to the share of the labor force that is without work but available for and seeking employment. 2.Unemployment is a state where a person wants to work but is unable to find a job. According to the formal OECD definition, the unemployed comprise all persons above a specified age, who during the reference period (typically a week or a month) were not in paid employment or self-employment, available for work, and actively seeking work. An important distinction is between long-term unemployment (with a duration of 6 months or more) and short-term unemployment. Unemployment is different from nonemployment, as the latter includes those not available for, and seeking, work, including students and retirees.",1. https://databank.worldbank.org/metadataglossary/world-development-indicators/series/SL.UEM.TOTL.NE.ZS 2. https://link.springer.com/referenceworkentry/10.1007/978-94-007-0753-5_3078
246,Unintentional poisoning,"Unintentional poisoning can be caused by household chemicals, pesticides, kerosene, carbon monoxide and medicines, or can be the result of environmental contamination or occupational chemical exposure.",https://databank.worldbank.org/metadataglossary/gender-statistics/series/SH.STA.POIS.P5.MA
247,Universal health coverage and health systems,,
248,"Unsafe or unimproved water, sanitation and hygiene",,
249,Unsentenced detainees,"Persons held unsentenced or pre-trial refers to persons held in prisons, penal institutions or correctional institutions who are untried, pre-trial or awaiting a first instance decision on their case from a competent authority regarding their conviction or acquittal.",https://dashboards.sdgindex.org/map/indicators/unsentenced-detainees
250,Urbanization,Urbanisation is the increase in the proportion of people living in towns and cities. Urbanisation occurs because people move from rural areas (countryside) to urban areas (towns and cities). This usually occurs when a country is still developing.,https://www.eea.europa.eu/help/glossary/eea-glossary/urbanisation
251,Vaccination regulation,"The assessment, licensure, control, and surveillance of biological medicinal products are major challenges for national regulatory authorities confronted by a steadily increasing number of novel products, complex quality concerns, and new technical issues arising from rapid scientific advances. ",https://www.who.int/teams/regulation-prequalification/regulation-and-safety/vaccine-regulation
252,"Vancomycin-resistance for Enterococcus faecium, and Enterococcus faecalis",,
253,Vector and reservoir interventions,,
254,Voice and accountability,"Voice and Accountability captures perceptions of the extent to which a country's citizens are able to participate in selecting their government, as well as freedom of expression, freedom of association, and a free media. Standard error indicates the precision of the estimate of governance. ","https://databank.worldbank.org/metadataglossary/worldwide-governance-indicators/series/VA.STD.ERR#:~:text=Voice%20and%20Accountability%20captures%20perceptions,of%20the%20estimate%20of%20governance."
255,Wastewater treatment,Wastewater treatment is a process wherein the contaminants are removed from wastewater and household sewage to produce waste stream or solid waste suitable for discharge or reuse.,https://www.sciencedirect.com/topics/engineering/wastewater-treatment
256,Water,,
257,Water dependency ratio,"Portion of total renewable water resources originating outside the country, expressed in terms of percentage.",https://www.sesric.org/baseind-indicator-detail.php?ind_code=1812&KeepThis=true&TB_iframe=true&height=150&width=400
258,Water stress,"Water stress occurs when the demand for water exceeds the available amount during a certain period or when poor quality restricts its use. Water stress causes deterioration of fresh water resources in terms of quantity (aquifer over-exploitation, dry rivers, etc.) and quality (eutrophication, organic matter pollution, saline intrusion, etc.).",https://www.eea.europa.eu/archived/archived-content-water-topic/wise-help-centre/glossary-definitions/water-stress
259,Wetland loss,"Wetland loss/degradation is a negative trend in wetland condition, caused by physical or direct/indirect human-induced processes expressed as long-term reduction or loss of at least one of the following: biological productivity, ecological role or value to humans","https://www.preventionweb.net/understanding-disaster-risk/terminology/hips/en0016#:~:text=Wetland%20loss%2Fdegradation%20is%20a,et%20al.%2C%202019)."
260,Work,,
261,Youth condition,,
262,Zoonosis health promotion,,
263,Zoonotic disease governance,,
